Workbook

Sheet Sector
A1: Code | B1: Sector
A2: A | B2: Agriculture
A3: I | B3: Industry
A4: S | B4: Services

Sheet Section
A1: Code | B1: Title
A2: A | B2: Agriculture, Forestry and Fishing
A3: B | B3: Mining and Quarrying
A4: C | B4: Manufacturing
A5: D | B5: Electricity, Gas, Steam and Air Conditioning Supply
A6: E | B6: Water Supply; Sewerage, Waste Management and Remediation Activities
A7: F | B7: Construction
A8: G | B8: Wholesale and Retail Trade; Repair of Motor Vehicles and Motorcycles
A9: H | B9: Transportation and Storage
A10: I | B10: Accommodation and Food Service Activities
A11: J | B11: Information and Communication
A12: K | B12: Financial and Insurance Activities
... A22: U | B22: Activities of Extra-Territorial Organizations and Bodies

Sheet Division
A1: Code | B1: Division | C1: Section | D1: Sector
A2: 1 | B2: Crop And Animal Production, Hunting And Related Service Activities | C2: A | D2: A
A3: 2 | B3: Forestry And Logging | C3: A | D3: A
A4: 3 | B4: Fishing And Aquaculture | C4: A | D4: A
A5: 5 | B5: Mining Of Coal And Lignite | C5: B | D5: I
A6: 6 | B6: Extraction Of Crude Petroleum And Natural Gas | C6: B | D6: I
A7: 7 | B7: Mining Of Metal Ores | C7: B | D7: I
A8: 8 | B8: Other Mining And Quarrying | C8: B | D8: I
A9: 9 | B9: Mining Support Service Activities | C9: B | D9: I
A10: 10 | B10: Manufacture Of Food Products | C10: C | D10: I
A11: 11 | B11: Manufacture Of Beverages | C11: C | D11: I
A12: 12 | B12: Manufacture Of Tobacco Products | C12: C | D12: I
A13: 13 | B13: Manufacture Of Textiles | C13: C | D13: I
... A89: 99 | B89: Activities of Extra-Territorial Organizations and Bodies | C89: U | D89: S

Sheet Class
A1: Class | B1: 1994 Class | C1: Section
A2: 0111 | B2: 0174 | C2: A
A3: 0111 | B3: 0176 | C3: A
A4: 0111 | B4: 0164 | C4: A
A5: 0111 | B5: 0176 | C5: A
A6: 0112 | B6: 0111 | C6: A
A7: 0112 | B7: 0112 | C7: A
A8: 0112 | B8: 0112 | C8: A
A9: 0112 | B9: 0113 | C9: A
A10: 0113 | B10: 0120 | C10: A
A11: 0114 | B11: 0150 | C11: A
A12: 0115 | B12: 0193 | C12: A
... A851: 9909 | B851: 9900 | C851: U

Sheet psic_old
A1: Class | B1: Section
A2: 0174 | B2: A
A3: 0176 | B3: A
A4: 0164 | B4: A
A5: 0176 | B5: A
A6: 0111 | B6: A
A7: 0112 | B7: A
A8: 0112 | B8: A
A9: 0113 | B9: A
A10: 0120 | B10: A
A11: 0150 | B11: A
A12: 0193 | B12: A
... A851: 9900 | B851: U

Sheet psic_new
A1: Class | B1: Section
A2: 0111 | B2: A
A3: 0111 | B3: A
A4: 0111 | B4: A
A5: 0111 | B5: A
A6: 0112 | B6: A
A7: 0112 | B7: A
A8: 0112 | B8: A
A9: 0112 | B9: A
A10: 0113 | B10: A
A11: 0114 | B11: A
A12: 0115 | B12: A
... A851: 9909 | B851: U

Sheet GDP_PSIC
A1: Industry | B1: Class
A2: AFF | B2: A
A3: Industry
A4: A. Mining and Quarrying | B4: B
A5: B. Manufacturing | B5: C
A6: C. Electricity, Steam, Water and Waste Management | B6: D
A7: C. Electricity, Steam, Water and Waste Management | B7: E
A8: D. Construction | B8: F
A9: Services
A10: A. Wholesale and Retail Trade; Repair of Motor Vehicles and Motorcycles | B10: G
A11: B. Transportation and Storage | B11: H
A12: C. Accommodation and food service activities | B12: I
A13: D. Information and communication | B13: J
A14: E. Financial and Insurance Activities | B14: K
A15: F. Real Estate and Ownership of Dwellings | B15: L
A16: G. Professional and Business Services | B16: M
A17: G. Professional and Business Services | B17: N
A18: H. Public Administration and Defense; Compulsory Social Activities | B18: O
A19: I. Education | B19: P
A20: J. Human Health and Social Work Activities | B20: Q
A21: K. Other Services | B21: R
... A24: K. Other Services | B24: U

Sheet Sheet1
A1: Class | B1: Description | C1: 1994 Class | D1: Division | E1: 1994 Division | F1: Same | G1: Section | H1: 1994 Section | I1: Same
A2: 0111 | B2: Growing of cereals (except rice and corn), leguminous crops and oil seeds | C2: 0174 | D2: =LEFT(A2,2) -> 01 | E2: =LEFT(C2,2) -> 01 | F2: =IF(ISBLANK(D2),"",IF(ISBLANK(E2),"",AND(D2=E2))) -> TRUE | G2: =INDEX(Sheet2!$A$2:$A$89, MATCH(D2, Sheet2!$B$2:$B$89, 0)) -> A | H2: =INDEX(Sheet2!$A$2:$A$89, MATCH(E2, Sheet2!$B$2:$B$89, 0)) -> A | I2: =IF(ISBLANK(G2),"",IF(ISBLANK(H2),"",AND(G2=H2))) -> TRUE
A3: 0111 | B3: Growing of cereals (except rice and corn), leguminous crops and oil seeds | C3: 0176 | D3: =LEFT(A3,2) -> 01 | E3: =LEFT(C3,2) -> 01 | F3: =IF(ISBLANK(D3),"",IF(ISBLANK(E3),"",AND(D3=E3))) -> TRUE | G3: =INDEX(Sheet2!$A$2:$A$89, MATCH(D3, Sheet2!$B$2:$B$89, 0)) -> A | H3: =INDEX(Sheet2!$A$2:$A$89, MATCH(E3, Sheet2!$B$2:$B$89, 0)) -> A | I3: =IF(ISBLANK(G3),"",IF(ISBLANK(H3),"",AND(G3=H3))) -> TRUE
A4: 0111 | B4: Growing of cereals (except rice and corn), leguminous crops and oil seeds | C4: 0164 | D4: =LEFT(A4,2) -> 01 | E4: =LEFT(C4,2) -> 01 | F4: =IF(ISBLANK(D4),"",IF(ISBLANK(E4),"",AND(D4=E4))) -> TRUE | G4: =INDEX(Sheet2!$A$2:$A$89, MATCH(D4, Sheet2!$B$2:$B$89, 0)) -> A | H4: =INDEX(Sheet2!$A$2:$A$89, MATCH(E4, Sheet2!$B$2:$B$89, 0)) -> A | I4: =IF(ISBLANK(G4),"",IF(ISBLANK(H4),"",AND(G4=H4))) -> TRUE
A5: 0111 | B5: Growing of cereals (except rice and corn), leguminous crops and oil seeds | C5: 0176 | D5: =LEFT(A5,2) -> 01 | E5: =LEFT(C5,2) -> 01 | F5: =IF(ISBLANK(D5),"",IF(ISBLANK(E5),"",AND(D5=E5))) -> TRUE | G5: =INDEX(Sheet2!$A$2:$A$89, MATCH(D5, Sheet2!$B$2:$B$89, 0)) -> A | H5: =INDEX(Sheet2!$A$2:$A$89, MATCH(E5, Sheet2!$B$2:$B$89, 0)) -> A | I5: =IF(ISBLANK(G5),"",IF(ISBLANK(H5),"",AND(G5=H5))) -> TRUE
A6: 0112 | B6: Growing of paddy rice | C6: 0111 | D6: =LEFT(A6,2) -> 01 | E6: =LEFT(C6,2) -> 01 | F6: =IF(ISBLANK(D6),"",IF(ISBLANK(E6),"",AND(D6=E6))) -> TRUE | G6: =INDEX(Sheet2!$A$2:$A$89, MATCH(D6, Sheet2!$B$2:$B$89, 0)) -> A | H6: =INDEX(Sheet2!$A$2:$A$89, MATCH(E6, Sheet2!$B$2:$B$89, 0)) -> A | I6: =IF(ISBLANK(G6),"",IF(ISBLANK(H6),"",AND(G6=H6))) -> TRUE
A7: 0112 | B7: Growing of paddy rice | C7: 0112 | D7: =LEFT(A7,2) -> 01 | E7: =LEFT(C7,2) -> 01 | F7: =IF(ISBLANK(D7),"",IF(ISBLANK(E7),"",AND(D7=E7))) -> TRUE | G7: =INDEX(Sheet2!$A$2:$A$89, MATCH(D7, Sheet2!$B$2:$B$89, 0)) -> A | H7: =INDEX(Sheet2!$A$2:$A$89, MATCH(E7, Sheet2!$B$2:$B$89, 0)) -> A | I7: =IF(ISBLANK(G7),"",IF(ISBLANK(H7),"",AND(G7=H7))) -> TRUE
A8: 0112 | B8: Growing of paddy rice | C8: 0112 | D8: =LEFT(A8,2) -> 01 | E8: =LEFT(C8,2) -> 01 | F8: =IF(ISBLANK(D8),"",IF(ISBLANK(E8),"",AND(D8=E8))) -> TRUE | G8: =INDEX(Sheet2!$A$2:$A$89, MATCH(D8, Sheet2!$B$2:$B$89, 0)) -> A | H8: =INDEX(Sheet2!$A$2:$A$89, MATCH(E8, Sheet2!$B$2:$B$89, 0)) -> A | I8: =IF(ISBLANK(G8),"",IF(ISBLANK(H8),"",AND(G8=H8))) -> TRUE
A9: 0112 | B9: Growing of paddy rice | C9: 0113 | D9: =LEFT(A9,2) -> 01 | E9: =LEFT(C9,2) -> 01 | F9: =IF(ISBLANK(D9),"",IF(ISBLANK(E9),"",AND(D9=E9))) -> TRUE | G9: =INDEX(Sheet2!$A$2:$A$89, MATCH(D9, Sheet2!$B$2:$B$89, 0)) -> A | H9: =INDEX(Sheet2!$A$2:$A$89, MATCH(E9, Sheet2!$B$2:$B$89, 0)) -> A | I9: =IF(ISBLANK(G9),"",IF(ISBLANK(H9),"",AND(G9=H9))) -> TRUE
A10: 0113 | B10: Growing of corn,except young corn (vegetable) | C10: 0120 | D10: =LEFT(A10,2) -> 01 | E10: =LEFT(C10,2) -> 01 | F10: =IF(ISBLANK(D10),"",IF(ISBLANK(E10),"",AND(D10=E10))) -> TRUE | G10: =INDEX(Sheet2!$A$2:$A$89, MATCH(D10, Sheet2!$B$2:$B$89, 0)) -> A | H10: =INDEX(Sheet2!$A$2:$A$89, MATCH(E10, Sheet2!$B$2:$B$89, 0)) -> A | I10: =IF(ISBLANK(G10),"",IF(ISBLANK(H10),"",AND(G10=H10))) -> TRUE
A11: 0114 | B11: Growing of sugar cane including muscovado sugar-making in the farm | C11: 0150 | D11: =LEFT(A11,2) -> 01 | E11: =LEFT(C11,2) -> 01 | F11: =IF(ISBLANK(D11),"",IF(ISBLANK(E11),"",AND(D11=E11))) -> TRUE | G11: =INDEX(Sheet2!$A$2:$A$89, MATCH(D11, Sheet2!$B$2:$B$89, 0)) -> A | H11: =INDEX(Sheet2!$A$2:$A$89, MATCH(E11, Sheet2!$B$2:$B$89, 0)) -> A | I11: =IF(ISBLANK(G11),"",IF(ISBLANK(H11),"",AND(G11=H11))) -> TRUE
A12: 0115 | B12: Growing of tobacco | C12: 0193 | D12: =LEFT(A12,2) -> 01 | E12: =LEFT(C12,2) -> 01 | F12: =IF(ISBLANK(D12),"",IF(ISBLANK(E12),"",AND(D12=E12))) -> TRUE | G12: =INDEX(Sheet2!$A$2:$A$89, MATCH(D12, Sheet2!$B$2:$B$89, 0)) -> A | H12: =INDEX(Sheet2!$A$2:$A$89, MATCH(E12, Sheet2!$B$2:$B$89, 0)) -> A | I12: =IF(ISBLANK(G12),"",IF(ISBLANK(H12),"",AND(G12=H12))) -> TRUE
A13: 0116 | B13: Growing of fiber crops | C13: 0191 | D13: =LEFT(A13,2) -> 01 | E13: =LEFT(C13,2) -> 01 | F13: =IF(ISBLANK(D13),"",IF(ISBLANK(E13),"",AND(D13=E13))) -> TRUE | G13: =INDEX(Sheet2!$A$2:$A$89, MATCH(D13, Sheet2!$B$2:$B$89, 0)) -> A | H13: =INDEX(Sheet2!$A$2:$A$89, MATCH(E13, Sheet2!$B$2:$B$89, 0)) -> A | I13: =IF(ISBLANK(G13),"",IF(ISBLANK(H13),"",AND(G13=H13))) -> TRUE
... A65: 0149 | B65: Raising of other animals | C65: 0299 | D65: =LEFT(A65,2) -> 01 | E65: =LEFT(C65,2) -> 02 | F65: =IF(ISBLANK(D65),"",IF(ISBLANK(E65),"",AND(D65=E65))) -> FALSE | G65: =INDEX(Sheet2!$A$2:$A$89, MATCH(D65, Sheet2!$B$2:$B$89, 0)) -> A | H65: =INDEX(Sheet2!$A$2:$A$89, MATCH(E65, Sheet2!$B$2:$B$89, 0)) -> A | I65: =IF(ISBLANK(G65),"",IF(ISBLANK(H65),"",AND(G65=H65))) -> TRUE
A66: 0149 | B66: Raising of other animals | C66: 0430 | D66: =LEFT(A66,2) -> 01 | E66: =LEFT(C66,2) -> 04 | F66: =IF(ISBLANK(D66),"",IF(ISBLANK(E66),"",AND(D66=E66))) -> FALSE | G66: =INDEX(Sheet2!$A$2:$A$89, MATCH(D66, Sheet2!$B$2:$B$89, 0)) -> A | H66: A | I66: =IF(ISBLANK(G66),"",IF(ISBLANK(H66),"",AND(G66=H66))) -> TRUE
A67: 0151 | B67: Operation of irrigation systems through cooperatives and non-cooperatives | C67: 0311 | D67: =LEFT(A67,2) -> 01 | E67: =LEFT(C67,2) -> 03 | F67: =IF(ISBLANK(D67),"",IF(ISBLANK(E67),"",AND(D67=E67))) -> FALSE | G67: =INDEX(Sheet2!$A$2:$A$89, MATCH(D67, Sheet2!$B$2:$B$89, 0)) -> A | H67: =INDEX(Sheet2!$A$2:$A$89, MATCH(E67, Sheet2!$B$2:$B$89, 0)) -> A | I67: =IF(ISBLANK(G67),"",IF(ISBLANK(H67),"",AND(G67=H67))) -> TRUE
A68: 0151 | B68: Operation of irrigation systems through cooperatives and non-cooperatives | C68: 0312 | D68: =LEFT(A68,2) -> 01 | E68: =LEFT(C68,2) -> 03 | F68: =IF(ISBLANK(D68),"",IF(ISBLANK(E68),"",AND(D68=E68))) -> FALSE | G68: =INDEX(Sheet2!$A$2:$A$89, MATCH(D68, Sheet2!$B$2:$B$89, 0)) -> A | H68: =INDEX(Sheet2!$A$2:$A$89, MATCH(E68, Sheet2!$B$2:$B$89, 0)) -> A | I68: =IF(ISBLANK(G68),"",IF(ISBLANK(H68),"",AND(G68=H68))) -> TRUE
A69: 0152 | B69: Planting, transplanting and other related activities | C69: 0320 | D69: =LEFT(A69,2) -> 01 | E69: =LEFT(C69,2) -> 03 | F69: =IF(ISBLANK(D69),"",IF(ISBLANK(E69),"",AND(D69=E69))) -> FALSE | G69: =INDEX(Sheet2!$A$2:$A$89, MATCH(D69, Sheet2!$B$2:$B$89, 0)) -> A | H69: =INDEX(Sheet2!$A$2:$A$89, MATCH(E69, Sheet2!$B$2:$B$89, 0)) -> A | I69: =IF(ISBLANK(G69),"",IF(ISBLANK(H69),"",AND(G69=H69))) -> TRUE
A70: 0153 | B70: Services to establish crops, promote their growth and protect them from pests and diseases | C70: 0331 | D70: =LEFT(A70,2) -> 01 | E70: =LEFT(C70,2) -> 03 | F70: =IF(ISBLANK(D70),"",IF(ISBLANK(E70),"",AND(D70=E70))) -> FALSE | G70: =INDEX(Sheet2!$A$2:$A$89, MATCH(D70, Sheet2!$B$2:$B$89, 0)) -> A | H70: =INDEX(Sheet2!$A$2:$A$89, MATCH(E70, Sheet2!$B$2:$B$89, 0)) -> A | I70: =IF(ISBLANK(G70),"",IF(ISBLANK(H70),"",AND(G70=H70))) -> TRUE
A71: 0153 | B71: Services to establish crops, promote their growth and protect them from pests and diseases | C71: 0332 | D71: =LEFT(A71,2) -> 01 | E71: =LEFT(C71,2) -> 03 | F71: =IF(ISBLANK(D71),"",IF(ISBLANK(E71),"",AND(D71=E71))) -> FALSE | G71: =INDEX(Sheet2!$A$2:$A$89, MATCH(D71, Sheet2!$B$2:$B$89, 0)) -> A | H71: =INDEX(Sheet2!$A$2:$A$89, MATCH(E71, Sheet2!$B$2:$B$89, 0)) -> A | I71: =IF(ISBLANK(G71),"",IF(ISBLANK(H71),"",AND(G71=H71))) -> TRUE
A72: 0153 | B72: Services to establish crops, promote their growth and protect them from pests and diseases | C72: 0333 | D72: =LEFT(A72,2) -> 01 | E72: =LEFT(C72,2) -> 03 | F72: =IF(ISBLANK(D72),"",IF(ISBLANK(E72),"",AND(D72=E72))) -> FALSE | G72: =INDEX(Sheet2!$A$2:$A$89, MATCH(D72, Sheet2!$B$2:$B$89, 0)) -> A | H72: =INDEX(Sheet2!$A$2:$A$89, MATCH(E72, Sheet2!$B$2:$B$89, 0)) -> A | I72: =IF(ISBLANK(G72),"",IF(ISBLANK(H72),"",AND(G72=H72))) -> TRUE
A73: 0153 | B73: Services to establish crops, promote their growth and protect them from pests and diseases | C73: 0339 | D73: =LEFT(A73,2) -> 01 | E73: =LEFT(C73,2) -> 03 | F73: =IF(ISBLANK(D73),"",IF(ISBLANK(E73),"",AND(D73=E73))) -> FALSE | G73: =INDEX(Sheet2!$A$2:$A$89, MATCH(D73, Sheet2!$B$2:$B$89, 0)) -> A | H73: =INDEX(Sheet2!$A$2:$A$89, MATCH(E73, Sheet2!$B$2:$B$89, 0)) -> A | I73: =IF(ISBLANK(G73),"",IF(ISBLANK(H73),"",AND(G73=H73))) -> TRUE
A74: 0154 | B74: Harvesting, threshing, grading, bailing and related services | C74: 0340 | D74: =LEFT(A74,2) -> 01 | E74: =LEFT(C74,2) -> 03 | F74: =IF(ISBLANK(D74),"",IF(ISBLANK(E74),"",AND(D74=E74))) -> FALSE | G74: =INDEX(Sheet2!$A$2:$A$89, MATCH(D74, Sheet2!$B$2:$B$89, 0)) -> A | H74: =INDEX(Sheet2!$A$2:$A$89, MATCH(E74, Sheet2!$B$2:$B$89, 0)) -> A | I74: =IF(ISBLANK(G74),"",IF(ISBLANK(H74),"",AND(G74=H74))) -> TRUE
A75: 0155 | B75: Rental of farm machinery with drivers and crew | C75: 0350 | D75: =LEFT(A75,2) -> 01 | E75: =LEFT(C75,2) -> 03 | F75: =IF(ISBLANK(D75),"",IF(ISBLANK(E75),"",AND(D75=E75))) -> FALSE | G75: =INDEX(Sheet2!$A$2:$A$89, MATCH(D75, Sheet2!$B$2:$B$89, 0)) -> A | H75: =INDEX(Sheet2!$A$2:$A$89, MATCH(E75, Sheet2!$B$2:$B$89, 0)) -> A | I75: =IF(ISBLANK(G75),"",IF(ISBLANK(H75),"",AND(G75=H75))) -> TRUE
A76: 0156 | B76: Support activities for animal production | C76: 0371 | D76: =LEFT(A76,2) -> 01 | E76: =LEFT(C76,2) -> 03 | F76: =IF(ISBLANK(D76),"",IF(ISBLANK(E76),"",AND(D76=E76))) -> FALSE | G76: =INDEX(Sheet2!$A$2:$A$89, MATCH(D76, Sheet2!$B$2:$B$89, 0)) -> A | H76: =INDEX(Sheet2!$A$2:$A$89, MATCH(E76, Sheet2!$B$2:$B$89, 0)) -> A | I76: =IF(ISBLANK(G76),"",IF(ISBLANK(H76),"",AND(G76=H76))) -> TRUE
A77: 0156 | B77: Support activities for animal production | C77: 0372 | D77: =LEFT(A77,2) -> 01 | E77: =LEFT(C77,2) -> 03 | F77: =IF(ISBLANK(D77),"",IF(ISBLANK(E77),"",AND(D77=E77))) -> FALSE | G77: =INDEX(Sheet2!$A$2:$A$89, MATCH(D77, Sheet2!$B$2:$B$89, 0)) -> A | H77: =INDEX(Sheet2!$A$2:$A$89, MATCH(E77, Sheet2!$B$2:$B$89, 0)) -> A | I77: =IF(ISBLANK(G77),"",IF(ISBLANK(H77),"",AND(G77=H77))) -> TRUE
A78: 0156 | B78: Support activities for animal production | C78: 0373 | D78: =LEFT(A78,2) -> 01 | E78: =LEFT(C78,2) -> 03 | F78: =IF(ISBLANK(D78),"",IF(ISBLANK(E78),"",AND(D78=E78))) -> FALSE | G78: =INDEX(Sheet2!$A$2:$A$89, MATCH(D78, Sheet2!$B$2:$B$89, 0)) -> A | H78: =INDEX(Sheet2!$A$2:$A$89, MATCH(E78, Sheet2!$B$2:$B$89, 0)) -> A | I78: =IF(ISBLANK(G78),"",IF(ISBLANK(H78),"",AND(G78=H78))) -> TRUE
... A84: 0158 | B84: Seed processing for propagation | C84: 0178 | D84: =LEFT(A84,2) -> 01 | E84: =LEFT(C84,2) -> 01 | F84: =IF(ISBLANK(D84),"",IF(ISBLANK(E84),"",AND(D84=E84))) -> TRUE | G84: =INDEX(Sheet2!$A$2:$A$89, MATCH(D84, Sheet2!$B$2:$B$89, 0)) -> A | H84: =INDEX(Sheet2!$A$2:$A$89, MATCH(E84, Sheet2!$B$2:$B$89, 0)) -> A | I84: =IF(ISBLANK(G84),"",IF(ISBLANK(H84),"",AND(G84=H84))) -> TRUE
A85: 0170 | B85: Hunting, trapping and related service activities | C85: 0410 | D85: =LEFT(A85,2) -> 01 | E85: =LEFT(C85,2) -> 04 | F85: =IF(ISBLANK(D85),"",IF(ISBLANK(E85),"",AND(D85=E85))) -> FALSE | G85: =INDEX(Sheet2!$A$2:$A$89, MATCH(D85, Sheet2!$B$2:$B$89, 0)) -> A | H85: A | I85: =IF(ISBLANK(G85),"",IF(ISBLANK(H85),"",AND(G85=H85))) -> TRUE
A86: 0170 | B86: Hunting, trapping and related service activities | C86: 0420 | D86: =LEFT(A86,2) -> 01 | E86: =LEFT(C86,2) -> 04 | F86: =IF(ISBLANK(D86),"",IF(ISBLANK(E86),"",AND(D86=E86))) -> FALSE | G86: =INDEX(Sheet2!$A$2:$A$89, MATCH(D86, Sheet2!$B$2:$B$89, 0)) -> A | H86: A | I86: =IF(ISBLANK(G86),"",IF(ISBLANK(H86),"",AND(G86=H86))) -> TRUE
A87: 0170 | B87: Hunting, trapping and related service activities | C87: 0490 | D87: =LEFT(A87,2) -> 01 | E87: =LEFT(C87,2) -> 04 | F87: =IF(ISBLANK(D87),"",IF(ISBLANK(E87),"",AND(D87=E87))) -> FALSE | G87: =INDEX(Sheet2!$A$2:$A$89, MATCH(D87, Sheet2!$B$2:$B$89, 0)) -> A | H87: A | I87: =IF(ISBLANK(G87),"",IF(ISBLANK(H87),"",AND(G87=H87))) -> TRUE
A88: 0211 | B88: Growing of timber forest species (e.g. Gmelina, Eucalyptus, etc.), planting, replanting, transplanting, thinning and conserving of forest and timber tracts | C88: 0502 | D88: =LEFT(A88,2) -> 02 | E88: =LEFT(C88,2) -> 05 | F88: =IF(ISBLANK(D88),"",IF(ISBLANK(E88),"",AND(D88=E88))) -> FALSE | G88: =INDEX(Sheet2!$A$2:$A$89, MATCH(D88, Sheet2!$B$2:$B$89, 0)) -> A | H88: =INDEX(Sheet2!$A$2:$A$89, MATCH(E88, Sheet2!$B$2:$B$89, 0)) -> B | I88: =IF(ISBLANK(G88),"",IF(ISBLANK(H88),"",AND(G88=H88))) -> FALSE
A89: 0212 | B89: Operation of forest tree nurseries | C89: 0503 | D89: =LEFT(A89,2) -> 02 | E89: =LEFT(C89,2) -> 05 | F89: =IF(ISBLANK(D89),"",IF(ISBLANK(E89),"",AND(D89=E89))) -> FALSE | G89: =INDEX(Sheet2!$A$2:$A$89, MATCH(D89, Sheet2!$B$2:$B$89, 0)) -> A | H89: =INDEX(Sheet2!$A$2:$A$89, MATCH(E89, Sheet2!$B$2:$B$89, 0)) -> B | I89: =IF(ISBLANK(G89),"",IF(ISBLANK(H89),"",AND(G89=H89))) -> FALSE
A90: 0220 | B90: Logging | C90: 0501 | D90: =LEFT(A90,2) -> 02 | E90: =LEFT(C90,2) -> 05 | F90: =IF(ISBLANK(D90),"",IF(ISBLANK(E90),"",AND(D90=E90))) -> FALSE | G90: =INDEX(Sheet2!$A$2:$A$89, MATCH(D90, Sheet2!$B$2:$B$89, 0)) -> A | H90: =INDEX(Sheet2!$A$2:$A$89, MATCH(E90, Sheet2!$B$2:$B$89, 0)) -> B | I90: =IF(ISBLANK(G90),"",IF(ISBLANK(H90),"",AND(G90=H90))) -> FALSE
A91: 0220 | B91: Logging | C91: 0509 | D91: =LEFT(A91,2) -> 02 | E91: =LEFT(C91,2) -> 05 | F91: =IF(ISBLANK(D91),"",IF(ISBLANK(E91),"",AND(D91=E91))) -> FALSE | G91: =INDEX(Sheet2!$A$2:$A$89, MATCH(D91, Sheet2!$B$2:$B$89, 0)) -> A | H91: =INDEX(Sheet2!$A$2:$A$89, MATCH(E91, Sheet2!$B$2:$B$89, 0)) -> B | I91: =IF(ISBLANK(G91),"",IF(ISBLANK(H91),"",AND(G91=H91))) -> FALSE
A92: 0230 | B92: Gathering of non-wood forest products | C92: 0509 | D92: =LEFT(A92,2) -> 02 | E92: =LEFT(C92,2) -> 05 | F92: =IF(ISBLANK(D92),"",IF(ISBLANK(E92),"",AND(D92=E92))) -> FALSE | G92: =INDEX(Sheet2!$A$2:$A$89, MATCH(D92, Sheet2!$B$2:$B$89, 0)) -> A | H92: =INDEX(Sheet2!$A$2:$A$89, MATCH(E92, Sheet2!$B$2:$B$89, 0)) -> B | I92: =IF(ISBLANK(G92),"",IF(ISBLANK(H92),"",AND(G92=H92))) -> FALSE
A93: 0240 | B93: Support services to forestry | C93: 0509 | D93: =LEFT(A93,2) -> 02 | E93: =LEFT(C93,2) -> 05 | F93: =IF(ISBLANK(D93),"",IF(ISBLANK(E93),"",AND(D93=E93))) -> FALSE | G93: =INDEX(Sheet2!$A$2:$A$89, MATCH(D93, Sheet2!$B$2:$B$89, 0)) -> A | H93: =INDEX(Sheet2!$A$2:$A$89, MATCH(E93, Sheet2!$B$2:$B$89, 0)) -> B | I93: =IF(ISBLANK(G93),"",IF(ISBLANK(H93),"",AND(G93=H93))) -> FALSE
A94: 0311 | B94: Marine fishing | C94: 0611 | D94: =LEFT(A94,2) -> 03 | E94: =LEFT(C94,2) -> 06 | F94: =IF(ISBLANK(D94),"",IF(ISBLANK(E94),"",AND(D94=E94))) -> FALSE | G94: =INDEX(Sheet2!$A$2:$A$89, MATCH(D94, Sheet2!$B$2:$B$89, 0)) -> A | H94: =INDEX(Sheet2!$A$2:$A$89, MATCH(E94, Sheet2!$B$2:$B$89, 0)) -> B | I94: =IF(ISBLANK(G94),"",IF(ISBLANK(H94),"",AND(G94=H94))) -> FALSE
A95: 0311 | B95: Marine fishing | C95: 0612 | D95: =LEFT(A95,2) -> 03 | E95: =LEFT(C95,2) -> 06 | F95: =IF(ISBLANK(D95),"",IF(ISBLANK(E95),"",AND(D95=E95))) -> FALSE | G95: =INDEX(Sheet2!$A$2:$A$89, MATCH(D95, Sheet2!$B$2:$B$89, 0)) -> A | H95: =INDEX(Sheet2!$A$2:$A$89, MATCH(E95, Sheet2!$B$2:$B$89, 0)) -> B | I95: =IF(ISBLANK(G95),"",IF(ISBLANK(H95),"",AND(G95=H95))) -> FALSE
A96: 0311 | B96: Marine fishing | C96: 0613 | D96: =LEFT(A96,2) -> 03 | E96: =LEFT(C96,2) -> 06 | F96: =IF(ISBLANK(D96),"",IF(ISBLANK(E96),"",AND(D96=E96))) -> FALSE | G96: =INDEX(Sheet2!$A$2:$A$89, MATCH(D96, Sheet2!$B$2:$B$89, 0)) -> A | H96: =INDEX(Sheet2!$A$2:$A$89, MATCH(E96, Sheet2!$B$2:$B$89, 0)) -> B | I96: =IF(ISBLANK(G96),"",IF(ISBLANK(H96),"",AND(G96=H96))) -> FALSE
A97: 0312 | B97: Freshwater fishing | C97: 0621 | D97: =LEFT(A97,2) -> 03 | E97: =LEFT(C97,2) -> 06 | F97: =IF(ISBLANK(D97),"",IF(ISBLANK(E97),"",AND(D97=E97))) -> FALSE | G97: =INDEX(Sheet2!$A$2:$A$89, MATCH(D97, Sheet2!$B$2:$B$89, 0)) -> A | H97: =INDEX(Sheet2!$A$2:$A$89, MATCH(E97, Sheet2!$B$2:$B$89, 0)) -> B | I97: =IF(ISBLANK(G97),"",IF(ISBLANK(H97),"",AND(G97=H97))) -> FALSE
A98: 0312 | B98: Freshwater fishing | C98: 0622 | D98: =LEFT(A98,2) -> 03 | E98: =LEFT(C98,2) -> 06 | F98: =IF(ISBLANK(D98),"",IF(ISBLANK(E98),"",AND(D98=E98))) -> FALSE | G98: =INDEX(Sheet2!$A$2:$A$89, MATCH(D98, Sheet2!$B$2:$B$89, 0)) -> A | H98: =INDEX(Sheet2!$A$2:$A$89, MATCH(E98, Sheet2!$B$2:$B$89, 0)) -> B | I98: =IF(ISBLANK(G98),"",IF(ISBLANK(H98),"",AND(G98=H98))) -> FALSE
A99: 0312 | B99: Freshwater fishing | C99: 06290 | D99: =LEFT(A99,2) -> 03 | E99: =LEFT(C99,2) -> 06 | F99: =IF(ISBLANK(D99),"",IF(ISBLANK(E99),"",AND(D99=E99))) -> FALSE | G99: =INDEX(Sheet2!$A$2:$A$89, MATCH(D99, Sheet2!$B$2:$B$89, 0)) -> A | H99: =INDEX(Sheet2!$A$2:$A$89, MATCH(E99, Sheet2!$B$2:$B$89, 0)) -> B | I99: =IF(ISBLANK(G99),"",IF(ISBLANK(H99),"",AND(G99=H99))) -> FALSE
... A116: 0326 | B116: Seaweeds farming and gathering | C116: 0691 | D116: =LEFT(A116,2) -> 03 | E116: =LEFT(C116,2) -> 06 | F116: =IF(ISBLANK(D116),"",IF(ISBLANK(E116),"",AND(D116=E116))) -> FALSE | G116: =INDEX(Sheet2!$A$2:$A$89, MATCH(D116, Sheet2!$B$2:$B$89, 0)) -> A | H116: =INDEX(Sheet2!$A$2:$A$89, MATCH(E116, Sheet2!$B$2:$B$89, 0)) -> B | I116: =IF(ISBLANK(G116),"",IF(ISBLANK(H116),"",AND(G116=H116))) -> FALSE
A117: 0329 | B117: Other aquaculture activities | C117: 0294 | D117: =LEFT(A117,2) -> 03 | E117: =LEFT(C117,2) -> 02 | F117: =IF(ISBLANK(D117),"",IF(ISBLANK(E117),"",AND(D117=E117))) -> FALSE | G117: =INDEX(Sheet2!$A$2:$A$89, MATCH(D117, Sheet2!$B$2:$B$89, 0)) -> A | H117: {=_xlfn.XLOOKUP(TEXT(E117, "00"),TRIM(CLEAN(Sheet2!$B$2:$B$89)),Sheet2!$A$2:$A$89,"Not found")} -> A | I117: =IF(ISBLANK(G117),"",IF(ISBLANK(H117),"",AND(G117=H117))) -> TRUE
A118: 0329 | B118: Other aquaculture activities | C118: 0699 | D118: =LEFT(A118,2) -> 03 | E118: =LEFT(C118,2) -> 06 | F118: =IF(ISBLANK(D118),"",IF(ISBLANK(E118),"",AND(D118=E118))) -> FALSE | G118: =INDEX(Sheet2!$A$2:$A$89, MATCH(D118, Sheet2!$B$2:$B$89, 0)) -> A | H118: {=_xlfn.XLOOKUP(TEXT(E118, "00"),TRIM(CLEAN(Sheet2!$B$2:$B$89)),Sheet2!$A$2:$A$89,"Not found")} -> B | I118: =IF(ISBLANK(G118),"",IF(ISBLANK(H118),"",AND(G118=H118))) -> FALSE
A119: 0510 | B119: Mining of hard coal | C119: 1110 | D119: =LEFT(A119,2) -> 05 | E119: =LEFT(C119,2) -> 11 | F119: =IF(ISBLANK(D119),"",IF(ISBLANK(E119),"",AND(D119=E119))) -> FALSE | G119: =INDEX(Sheet2!$A$2:$A$89, MATCH(D119, Sheet2!$B$2:$B$89, 0)) -> B | H119: {=_xlfn.XLOOKUP(TEXT(E119, "00"),TRIM(CLEAN(Sheet2!$B$2:$B$89)),Sheet2!$A$2:$A$89,"Not found")} -> C | I119: =IF(ISBLANK(G119),"",IF(ISBLANK(H119),"",AND(G119=H119))) -> FALSE
A120: 0520 | B120: Mining of lignite | C120: 1110 | D120: =LEFT(A120,2) -> 05 | E120: =LEFT(C120,2) -> 11 | F120: =IF(ISBLANK(D120),"",IF(ISBLANK(E120),"",AND(D120=E120))) -> FALSE | G120: =INDEX(Sheet2!$A$2:$A$89, MATCH(D120, Sheet2!$B$2:$B$89, 0)) -> B | H120: {=_xlfn.XLOOKUP(TEXT(E120, "00"),TRIM(CLEAN(Sheet2!$B$2:$B$89)),Sheet2!$A$2:$A$89,"Not found")} -> C | I120: =IF(ISBLANK(G120),"",IF(ISBLANK(H120),"",AND(G120=H120))) -> FALSE
A121: 0610 | B121: Extraction of crude petroleum | C121: 1120 | D121: =LEFT(A121,2) -> 06 | E121: =LEFT(C121,2) -> 11 | F121: =IF(ISBLANK(D121),"",IF(ISBLANK(E121),"",AND(D121=E121))) -> FALSE | G121: =INDEX(Sheet2!$A$2:$A$89, MATCH(D121, Sheet2!$B$2:$B$89, 0)) -> B | H121: {=_xlfn.XLOOKUP(TEXT(E121, "00"),TRIM(CLEAN(Sheet2!$B$2:$B$89)),Sheet2!$A$2:$A$89,"Not found")} -> C | I121: =IF(ISBLANK(G121),"",IF(ISBLANK(H121),"",AND(G121=H121))) -> FALSE
A122: 0620 | B122: Extraction of natural gas | C122: 1120 | D122: =LEFT(A122,2) -> 06 | E122: =LEFT(C122,2) -> 11 | F122: =IF(ISBLANK(D122),"",IF(ISBLANK(E122),"",AND(D122=E122))) -> FALSE | G122: =INDEX(Sheet2!$A$2:$A$89, MATCH(D122, Sheet2!$B$2:$B$89, 0)) -> B | H122: {=_xlfn.XLOOKUP(TEXT(E122, "00"),TRIM(CLEAN(Sheet2!$B$2:$B$89)),Sheet2!$A$2:$A$89,"Not found")} -> C | I122: =IF(ISBLANK(G122),"",IF(ISBLANK(H122),"",AND(G122=H122))) -> FALSE
A123: 0710 | B123: Mining of iron ores | C123: 1091 | D123: =LEFT(A123,2) -> 07 | E123: =LEFT(C123,2) -> 10 | F123: =IF(ISBLANK(D123),"",IF(ISBLANK(E123),"",AND(D123=E123))) -> FALSE | G123: =INDEX(Sheet2!$A$2:$A$89, MATCH(D123, Sheet2!$B$2:$B$89, 0)) -> B | H123: {=_xlfn.XLOOKUP(TEXT(E123, "00"),TRIM(CLEAN(Sheet2!$B$2:$B$89)),Sheet2!$A$2:$A$89,"Not found")} -> C | I123: =IF(ISBLANK(G123),"",IF(ISBLANK(H123),"",AND(G123=H123))) -> FALSE
A124: 0721 | B124: Mining of uranium and thorium ores | C124: 1099 | D124: =LEFT(A124,2) -> 07 | E124: =LEFT(C124,2) -> 10 | F124: =IF(ISBLANK(D124),"",IF(ISBLANK(E124),"",AND(D124=E124))) -> FALSE | G124: =INDEX(Sheet2!$A$2:$A$89, MATCH(D124, Sheet2!$B$2:$B$89, 0)) -> B | H124: {=_xlfn.XLOOKUP(TEXT(E124, "00"),TRIM(CLEAN(Sheet2!$B$2:$B$89)),Sheet2!$A$2:$A$89,"Not found")} -> C | I124: =IF(ISBLANK(G124),"",IF(ISBLANK(H124),"",AND(G124=H124))) -> FALSE
A125: 0722 | B125: Mining of precious metals | C125: 1010 | D125: =LEFT(A125,2) -> 07 | E125: =LEFT(C125,2) -> 10 | F125: =IF(ISBLANK(D125),"",IF(ISBLANK(E125),"",AND(D125=E125))) -> FALSE | G125: =INDEX(Sheet2!$A$2:$A$89, MATCH(D125, Sheet2!$B$2:$B$89, 0)) -> B | H125: {=_xlfn.XLOOKUP(TEXT(E125, "00"),TRIM(CLEAN(Sheet2!$B$2:$B$89)),Sheet2!$A$2:$A$89,"Not found")} -> C | I125: =IF(ISBLANK(G125),"",IF(ISBLANK(H125),"",AND(G125=H125))) -> FALSE
A126: 0722 | B126: Mining of precious metals | C126: 1099 | D126: =LEFT(A126,2) -> 07 | E126: =LEFT(C126,2) -> 10 | F126: =IF(ISBLANK(D126),"",IF(ISBLANK(E126),"",AND(D126=E126))) -> FALSE | G126: =INDEX(Sheet2!$A$2:$A$89, MATCH(D126, Sheet2!$B$2:$B$89, 0)) -> B | H126: {=_xlfn.XLOOKUP(TEXT(E126, "00"),TRIM(CLEAN(Sheet2!$B$2:$B$89)),Sheet2!$A$2:$A$89,"Not found")} -> C | I126: =IF(ISBLANK(G126),"",IF(ISBLANK(H126),"",AND(G126=H126))) -> FALSE
A127: 0729 | B127: Mining of other non-ferrous metal ores | C127: 1020 | D127: =LEFT(A127,2) -> 07 | E127: =LEFT(C127,2) -> 10 | F127: =IF(ISBLANK(D127),"",IF(ISBLANK(E127),"",AND(D127=E127))) -> FALSE | G127: =INDEX(Sheet2!$A$2:$A$89, MATCH(D127, Sheet2!$B$2:$B$89, 0)) -> B | H127: {=_xlfn.XLOOKUP(TEXT(E127, "00"),TRIM(CLEAN(Sheet2!$B$2:$B$89)),Sheet2!$A$2:$A$89,"Not found")} -> C | I127: =IF(ISBLANK(G127),"",IF(ISBLANK(H127),"",AND(G127=H127))) -> FALSE
A128: 0729 | B128: Mining of other non-ferrous metal ores | C128: 1030 | D128: =LEFT(A128,2) -> 07 | E128: =LEFT(C128,2) -> 10 | F128: =IF(ISBLANK(D128),"",IF(ISBLANK(E128),"",AND(D128=E128))) -> FALSE | G128: =INDEX(Sheet2!$A$2:$A$89, MATCH(D128, Sheet2!$B$2:$B$89, 0)) -> B | H128: {=_xlfn.XLOOKUP(TEXT(E128, "00"),TRIM(CLEAN(Sheet2!$B$2:$B$89)),Sheet2!$A$2:$A$89,"Not found")} -> C | I128: =IF(ISBLANK(G128),"",IF(ISBLANK(H128),"",AND(G128=H128))) -> FALSE
... A140: 0893 | B140: Extraction of salt | C140: 1194 | D140: =LEFT(A140,2) -> 08 | E140: =LEFT(C140,2) -> 11 | F140: =IF(ISBLANK(D140),"",IF(ISBLANK(E140),"",AND(D140=E140))) -> FALSE | G140: =INDEX(Sheet2!$A$2:$A$89, MATCH(D140, Sheet2!$B$2:$B$89, 0)) -> B | H140: {=_xlfn.XLOOKUP(TEXT(E140, "00"),TRIM(CLEAN(Sheet2!$B$2:$B$89)),Sheet2!$A$2:$A$89,"Not found")} -> C | I140: =IF(ISBLANK(G140),"",IF(ISBLANK(H140),"",AND(G140=H140))) -> FALSE
A141: 0899 | B141: Other mining and quarrying, n.e.c. | C141: 1199 | D141: =LEFT(A141,2) -> 08 | E141: =LEFT(C141,2) -> 11 | F141: =IF(ISBLANK(D141),"",IF(ISBLANK(E141),"",AND(D141=E141))) -> FALSE | G141: {=_xlfn.XLOOKUP(TEXT(D141, "00"),TRIM(CLEAN(Sheet2!$B$2:$B$89)),Sheet2!$A$2:$A$89,"Not found")} -> B | H141: {=_xlfn.XLOOKUP(TEXT(E141, "00"),TRIM(CLEAN(Sheet2!$B$2:$B$89)),Sheet2!$A$2:$A$89,"Not found")} -> C | I141: =IF(ISBLANK(G141),"",IF(ISBLANK(H141),"",AND(G141=H141))) -> FALSE
A142: 0910 | B142: Support activities for petroleum and gas extraction | C142: 1192 | D142: =LEFT(A142,2) -> 09 | E142: =LEFT(C142,2) -> 11 | F142: =IF(ISBLANK(D142),"",IF(ISBLANK(E142),"",AND(D142=E142))) -> FALSE | G142: {=_xlfn.XLOOKUP(TEXT(D142, "00"),TRIM(CLEAN(Sheet2!$B$2:$B$89)),Sheet2!$A$2:$A$89,"Not found")} -> B | H142: {=_xlfn.XLOOKUP(TEXT(E142, "00"),TRIM(CLEAN(Sheet2!$B$2:$B$89)),Sheet2!$A$2:$A$89,"Not found")} -> C | I142: =IF(ISBLANK(G142),"",IF(ISBLANK(H142),"",AND(G142=H142))) -> FALSE
A143: 0910 | B143: Support activities for petroleum and gas extraction | C143: 1193 | D143: =LEFT(A143,2) -> 09 | E143: =LEFT(C143,2) -> 11 | F143: =IF(ISBLANK(D143),"",IF(ISBLANK(E143),"",AND(D143=E143))) -> FALSE | G143: {=_xlfn.XLOOKUP(TEXT(D143, "00"),TRIM(CLEAN(Sheet2!$B$2:$B$89)),Sheet2!$A$2:$A$89,"Not found")} -> B | H143: {=_xlfn.XLOOKUP(TEXT(E143, "00"),TRIM(CLEAN(Sheet2!$B$2:$B$89)),Sheet2!$A$2:$A$89,"Not found")} -> C | I143: =IF(ISBLANK(G143),"",IF(ISBLANK(H143),"",AND(G143=H143))) -> FALSE
A144: 0910 | B144: Support activities for petroleum and gas extraction | C144: 1194 | D144: =LEFT(A144,2) -> 09 | E144: =LEFT(C144,2) -> 11 | F144: =IF(ISBLANK(D144),"",IF(ISBLANK(E144),"",AND(D144=E144))) -> FALSE | G144: {=_xlfn.XLOOKUP(TEXT(D144, "00"),TRIM(CLEAN(Sheet2!$B$2:$B$89)),Sheet2!$A$2:$A$89,"Not found")} -> B | H144: {=_xlfn.XLOOKUP(TEXT(E144, "00"),TRIM(CLEAN(Sheet2!$B$2:$B$89)),Sheet2!$A$2:$A$89,"Not found")} -> C | I144: =IF(ISBLANK(G144),"",IF(ISBLANK(H144),"",AND(G144=H144))) -> FALSE
A145: 0910 | B145: Support activities for petroleum and gas extraction | C145: 1199 | D145: =LEFT(A145,2) -> 09 | E145: =LEFT(C145,2) -> 11 | F145: =IF(ISBLANK(D145),"",IF(ISBLANK(E145),"",AND(D145=E145))) -> FALSE | G145: {=_xlfn.XLOOKUP(TEXT(D145, "00"),TRIM(CLEAN(Sheet2!$B$2:$B$89)),Sheet2!$A$2:$A$89,"Not found")} -> B | H145: {=_xlfn.XLOOKUP(TEXT(E145, "00"),TRIM(CLEAN(Sheet2!$B$2:$B$89)),Sheet2!$A$2:$A$89,"Not found")} -> C | I145: =IF(ISBLANK(G145),"",IF(ISBLANK(H145),"",AND(G145=H145))) -> FALSE
A146: 1011 | B146: Slaughtering and meat packing | C146: 1511 | D146: =LEFT(A146,2) -> 10 | E146: =LEFT(C146,2) -> 15 | F146: =IF(ISBLANK(D146),"",IF(ISBLANK(E146),"",AND(D146=E146))) -> FALSE | G146: {=_xlfn.XLOOKUP(TEXT(D146, "00"),TRIM(CLEAN(Sheet2!$B$2:$B$89)),Sheet2!$A$2:$A$89,"Not found")} -> C | H146: {=_xlfn.XLOOKUP(TEXT(E146, "00"),TRIM(CLEAN(Sheet2!$B$2:$B$89)),Sheet2!$A$2:$A$89,"Not found")} -> C | I146: =IF(ISBLANK(G146),"",IF(ISBLANK(H146),"",AND(G146=H146))) -> TRUE
A147: 1012 | B147: Production, processing and preserving of meat and meat products | C147: 1512 | D147: =LEFT(A147,2) -> 10 | E147: =LEFT(C147,2) -> 15 | F147: =IF(ISBLANK(D147),"",IF(ISBLANK(E147),"",AND(D147=E147))) -> FALSE | G147: {=_xlfn.XLOOKUP(TEXT(D147, "00"),TRIM(CLEAN(Sheet2!$B$2:$B$89)),Sheet2!$A$2:$A$89,"Not found")} -> C | H147: {=_xlfn.XLOOKUP(TEXT(E147, "00"),TRIM(CLEAN(Sheet2!$B$2:$B$89)),Sheet2!$A$2:$A$89,"Not found")} -> C | I147: =IF(ISBLANK(G147),"",IF(ISBLANK(H147),"",AND(G147=H147))) -> TRUE
A148: 1020 | B148: Processing and preserving of fish, crustaceans and mollusks | C148: 1513 | D148: =LEFT(A148,2) -> 10 | E148: =LEFT(C148,2) -> 15 | F148: =IF(ISBLANK(D148),"",IF(ISBLANK(E148),"",AND(D148=E148))) -> FALSE | G148: {=_xlfn.XLOOKUP(TEXT(D148, "00"),TRIM(CLEAN(Sheet2!$B$2:$B$89)),Sheet2!$A$2:$A$89,"Not found")} -> C | H148: {=_xlfn.XLOOKUP(TEXT(E148, "00"),TRIM(CLEAN(Sheet2!$B$2:$B$89)),Sheet2!$A$2:$A$89,"Not found")} -> C | I148: =IF(ISBLANK(G148),"",IF(ISBLANK(H148),"",AND(G148=H148))) -> TRUE
A149: 1030 | B149: Processing and preserving of fruits and vegetables | C149: 1514 | D149: =LEFT(A149,2) -> 10 | E149: =LEFT(C149,2) -> 15 | F149: =IF(ISBLANK(D149),"",IF(ISBLANK(E149),"",AND(D149=E149))) -> FALSE | G149: {=_xlfn.XLOOKUP(TEXT(D149, "00"),TRIM(CLEAN(Sheet2!$B$2:$B$89)),Sheet2!$A$2:$A$89,"Not found")} -> C | H149: {=_xlfn.XLOOKUP(TEXT(E149, "00"),TRIM(CLEAN(Sheet2!$B$2:$B$89)),Sheet2!$A$2:$A$89,"Not found")} -> C | I149: =IF(ISBLANK(G149),"",IF(ISBLANK(H149),"",AND(G149=H149))) -> TRUE
A150: 1030 | B150: Processing and preserving of fruits and vegetables | C150: 1599 | D150: =LEFT(A150,2) -> 10 | E150: =LEFT(C150,2) -> 15 | F150: =IF(ISBLANK(D150),"",IF(ISBLANK(E150),"",AND(D150=E150))) -> FALSE | G150: {=_xlfn.XLOOKUP(TEXT(D150, "00"),TRIM(CLEAN(Sheet2!$B$2:$B$89)),Sheet2!$A$2:$A$89,"Not found")} -> C | H150: {=_xlfn.XLOOKUP(TEXT(E150, "00"),TRIM(CLEAN(Sheet2!$B$2:$B$89)),Sheet2!$A$2:$A$89,"Not found")} -> C | I150: =IF(ISBLANK(G150),"",IF(ISBLANK(H150),"",AND(G150=H150))) -> TRUE
A151: 1041 | B151: Manufacture of virgin coconut oil | C151: 1580 | D151: =LEFT(A151,2) -> 10 | E151: =LEFT(C151,2) -> 15 | F151: =IF(ISBLANK(D151),"",IF(ISBLANK(E151),"",AND(D151=E151))) -> FALSE | G151: {=_xlfn.XLOOKUP(TEXT(D151, "00"),TRIM(CLEAN(Sheet2!$B$2:$B$89)),Sheet2!$A$2:$A$89,"Not found")} -> C | H151: {=_xlfn.XLOOKUP(TEXT(E151, "00"),TRIM(CLEAN(Sheet2!$B$2:$B$89)),Sheet2!$A$2:$A$89,"Not found")} -> C | I151: =IF(ISBLANK(G151),"",IF(ISBLANK(H151),"",AND(G151=H151))) -> TRUE
A152: 1044 | B152: Production of crude vegetable oil, cake and meals, other than virgin coconut oil (see class 1041) | C152: 1515 | D152: =LEFT(A152,2) -> 10 | E152: =LEFT(C152,2) -> 15 | F152: =IF(ISBLANK(D152),"",IF(ISBLANK(E152),"",AND(D152=E152))) -> FALSE | G152: {=_xlfn.XLOOKUP(TEXT(D152, "00"),TRIM(CLEAN(Sheet2!$B$2:$B$89)),Sheet2!$A$2:$A$89,"Not found")} -> C | H152: {=_xlfn.XLOOKUP(TEXT(E152, "00"),TRIM(CLEAN(Sheet2!$B$2:$B$89)),Sheet2!$A$2:$A$89,"Not found")} -> C | I152: =IF(ISBLANK(G152),"",IF(ISBLANK(H152),"",AND(G152=H152))) -> TRUE
... A851: 9909 | B851: Activities of other international organizations | C851: 9900 | D851: =LEFT(A851,2) -> 99 | E851: =LEFT(C851,2) -> 99 | F851: =IF(ISBLANK(D851),"",IF(ISBLANK(E851),"",AND(D851=E851))) -> TRUE | G851: {=_xlfn.XLOOKUP(TEXT(D851, "00"),TRIM(CLEAN(Sheet2!$B$2:$B$89)),Sheet2!$A$2:$A$89,"Not found")} -> U | H851: {=_xlfn.XLOOKUP(TEXT(E851, "00"),TRIM(CLEAN(Sheet2!$B$2:$B$89)),Sheet2!$A$2:$A$89,"Not found")} -> U | I851: =IF(ISBLANK(G851),"",IF(ISBLANK(H851),"",AND(G851=H851))) -> TRUE

Sheet Sheet2
A1: Section | B1: Division
A2: A | B2: 01
A3: A | B3: 02
A4: A | B4: 03
A5: B | B5: 05
A6: B | B6: 06
A7: B | B7: 07
A8: B | B8: 08
A9: B | B9: 09
A10: C | B10: 10
A11: C | B11: 11
A12: C | B12: 12
A13: C | B13: 13
A14: C | B14: 14
A15: C | B15: 15
A16: C | B16: 16
A17: C | B17: 17
A18: C | B18: 18
A19: C | B19: 19
A20: C | B20: 20
A21: C | B21: 21
... A89: U | B89: 99

Sheet industries
A1: division_code | B1: division | E1: sector_id | F1: sector | G1: section_id | H1: section
A2: 1 | B2: Crop and Animal Production, Hunting and Related Service Activities | E2: A | F2: =IF(E2="A","Agriculture",IF(E2="I","Industry","Services")) -> Agriculture | G2: A | H2: =VLOOKUP(G2,Section!$A$2:$B$22,2) -> Agriculture, Forestry and Fishing
A3: 2 | B3: Forestry and Logging | E3: A | F3: =IF(E3="A","Agriculture",IF(E3="I","Industry","Services")) -> Agriculture | G3: A | H3: =VLOOKUP(G3,Section!$A$2:$B$22,2) -> Agriculture, Forestry and Fishing
A4: 3 | B4: Fishing and Aquaculture | E4: A | F4: =IF(E4="A","Agriculture",IF(E4="I","Industry","Services")) -> Agriculture | G4: A | H4: =VLOOKUP(G4,Section!$A$2:$B$22,2) -> Agriculture, Forestry and Fishing
A5: 5 | B5: Mining of Coal and Lignite | E5: I | F5: =IF(E5="A","Agriculture",IF(E5="I","Industry","Services")) -> Industry | G5: B | H5: =VLOOKUP(G5,Section!$A$2:$B$22,2) -> Mining and Quarrying
A6: 6 | B6: Extraction of Crude Petroleum and Natural Gas | E6: I | F6: =IF(E6="A","Agriculture",IF(E6="I","Industry","Services")) -> Industry | G6: B | H6: =VLOOKUP(G6,Section!$A$2:$B$22,2) -> Mining and Quarrying
A7: 7 | B7: Mining of Metal Ores | E7: I | F7: =IF(E7="A","Agriculture",IF(E7="I","Industry","Services")) -> Industry | G7: B | H7: =VLOOKUP(G7,Section!$A$2:$B$22,2) -> Mining and Quarrying
A8: 8 | B8: Other Mining and Quarrying | E8: I | F8: =IF(E8="A","Agriculture",IF(E8="I","Industry","Services")) -> Industry | G8: B | H8: =VLOOKUP(G8,Section!$A$2:$B$22,2) -> Mining and Quarrying
A9: 9 | B9: Mining Support Service Activities | E9: I | F9: =IF(E9="A","Agriculture",IF(E9="I","Industry","Services")) -> Industry | G9: B | H9: =VLOOKUP(G9,Section!$A$2:$B$22,2) -> Mining and Quarrying
A10: 10 | B10: Manufacture of Food Products | E10: I | F10: =IF(E10="A","Agriculture",IF(E10="I","Industry","Services")) -> Industry | G10: C | H10: =VLOOKUP(G10,Section!$A$2:$B$22,2) -> Manufacturing
A11: 11 | B11: Manufacture of Beverages | E11: I | F11: =IF(E11="A","Agriculture",IF(E11="I","Industry","Services")) -> Industry | G11: C | H11: =VLOOKUP(G11,Section!$A$2:$B$22,2) -> Manufacturing
A12: 12 | B12: Manufacture of Tobacco Products | E12: I | F12: =IF(E12="A","Agriculture",IF(E12="I","Industry","Services")) -> Industry | G12: C | H12: =VLOOKUP(G12,Section!$A$2:$B$22,2) -> Manufacturing
A13: 13 | B13: Manufacture of Textiles | E13: I | F13: =IF(E13="A","Agriculture",IF(E13="I","Industry","Services")) -> Industry | G13: C | H13: =VLOOKUP(G13,Section!$A$2:$B$22,2) -> Manufacturing
... A89: 99 | B89: Activities of Extra-Territorial Organizations and Bodies | E89: S | F89: =IF(E89="A","Agriculture",IF(E89="I","Industry","Services")) -> Services | G89: U | H89: =VLOOKUP(G89,Section!$A$2:$B$22,2) -> Activities of Extra-Territorial Organizations and Bodies

Sheet Sheet4
A1: sector_id | B1: sector | C1: section_id | D1: section | E1: division_code | F1: division
A2: A | B2: Agriculture | C2: A | D2: Agriculture, Forestry and Fishing | E2: 01 | F2: Crop and Animal Production, Hunting and Related Service Activities
A3: A | B3: Agriculture | C3: A | D3: Agriculture, Forestry and Fishing | E3: 02 | F3: Forestry and Logging
A4: A | B4: Agriculture | C4: A | D4: Agriculture, Forestry and Fishing | E4: 03 | F4: Fishing and Aquaculture
A5: I | B5: Industry | C5: B | D5: Mining and Quarrying | E5: 05 | F5: Mining of Coal and Lignite
A6: I | B6: Industry | C6: B | D6: Mining and Quarrying | E6: 06 | F6: Extraction of Crude Petroleum and Natural Gas
A7: I | B7: Industry | C7: B | D7: Mining and Quarrying | E7: 07 | F7: Mining of Metal Ores
A8: I | B8: Industry | C8: B | D8: Mining and Quarrying | E8: 08 | F8: Other Mining and Quarrying
A9: I | B9: Industry | C9: B | D9: Mining and Quarrying | E9: 09 | F9: Mining Support Service Activities
A10: I | B10: Industry | C10: C | D10: Manufacturing | E10: 10 | F10: Manufacture of Food Products
A11: I | B11: Industry | C11: C | D11: Manufacturing | E11: 11 | F11: Manufacture of Beverages
A12: I | B12: Industry | C12: C | D12: Manufacturing | E12: 12 | F12: Manufacture of Tobacco Products
A13: I | B13: Industry | C13: C | D13: Manufacturing | E13: 13 | F13: Manufacture of Textiles
A14: I | B14: Industry | C14: C | D14: Manufacturing | E14: 14 | F14: Manufacture of Wearing Apparel
A15: I | B15: Industry | C15: C | D15: Manufacturing | E15: 15 | F15: Manufacture of Leather and Related Products
A16: I | B16: Industry | C16: C | D16: Manufacturing | E16: 16 | F16: Manufacture of Wood and of Products of Wood and Cork, Except Furniture; Manufacture of Articles of Bamboo, Cane, Rattan and The Like; Manufacture of Articles of Straw and Plaiting Materials
A17: I | B17: Industry | C17: C | D17: Manufacturing | E17: 17 | F17: Manufacture of Paper and Paper Products
A18: I | B18: Industry | C18: C | D18: Manufacturing | E18: 18 | F18: Printing and Reproduction of Recorded Media
A19: I | B19: Industry | C19: C | D19: Manufacturing | E19: 19 | F19: Manufacture of Coke and Refined Petroleum Products
A20: I | B20: Industry | C20: C | D20: Manufacturing | E20: 20 | F20: Manufacture of Chemicals and Chemical Products
A21: I | B21: Industry | C21: C | D21: Manufacturing | E21: 21 | F21: Manufacture of Basic Pharmaceutical Products and Pharmaceutical Preparations
... A89: S | B89: Services | C89: U | D89: Activities of Extra-Territorial Organizations and Bodies | E89: 99 | F89: Activities of Extra-Territorial Organizations and Bodies
